<?xml version="1.0" encoding="UTF-8"?>

<manifest xmlns="http://www.imsglobal.org/xsd/imscp_v1p1" xmlns:imsmd="http://www.imsglobal.org/xsd/imsmd_v1p2" xmlns:xsi="http://www.w3.org/2001/XMLSchema-instance" xsi:schemaLocation="http://www.imsglobal.org/xsd/imscp_v1p1 http://www.imsglobal.org/xsd/imscp_v1p1.xsd http://www.imsglobal.org/xsd/imsmd_v1p2 http://www.imsglobal.org/xsd/imsmd_v1p2.xsd" identifier="Manifest-bf4f2d84-f6f1-4a9b-8055-0e228d124233" version="IMS CP 1.1.4">  
  <metadata>
    <schema>IMS Content</schema>
    <schemaversion>1.1.4</schemaversion>
    <imsmd:lom>
      <imsmd:general>
        <imsmd:title>
          <imsmd:langstring>BIO262 201160 A I</imsmd:langstring>
        </imsmd:title>
        <imsmd:description>
          <imsmd:langstring>WELCOME to CSU Interact - the online learning environment for all CSU students. All essential learning content and learning tools for your subject are found within this site. Your Subject Outline (in the left-side navigation menu) is the first document you need to read before commencing to study. The Subject Outline is an accurate and historical record of the curriculum and scope of your subject, and is available no later than 14 days before the start of a study session. _____________________________________________ Commonwealth of Australia Copyright Act 1968 Notice for paragraph 135ZXA (a) of the Copyright Act 1968 Warning This material has been reproduced and communicated to you by or on behalf of Charles Sturt University under Part VB of the Copyright Act 1968 (the Act). The material in this communication may be subject to copyright under the Act. Any further reproduction or communication of this material by you may be the subject of copyright protection under the Act. Do not remove this notice.</imsmd:langstring>
        </imsmd:description>
        <imsmd:keyword>
          <imsmd:langstring>course</imsmd:langstring>
        </imsmd:keyword>
        <imsmd:keyword>
          <imsmd:langstring>test</imsmd:langstring>
        </imsmd:keyword>
      </imsmd:general>
    </imsmd:lom>
  </metadata>
  <organizations default="MF01_ORG1_MELETE">
    <organization identifier="MF01_ORG1_MELETE" structure="hierarchical">
      <item identifier="MF01_ORG1_MELETE_MOD1">
        <title>12. Disturbance and Succession</title>
        <item identifier="ITEM1" identifierref="RESOURCE1">
          <title>Models of succession</title>
          <item identifier="ITEM2" identifierref="RESOURCE2">
            <title>Modern synthesis</title>
            <imsmd:lom>
              <imsmd:rights>
                <imsmd:copyrightandotherrestrictions>
                  <imsmd:source>
                    <imsmd:langstring>Melete</imsmd:langstring>
                  </imsmd:source>
                  <imsmd:value>
                    <imsmd:langstring>yes</imsmd:langstring>
                  </imsmd:value>
                </imsmd:copyrightandotherrestrictions>
                <imsmd:description>
                  <imsmd:langstring>null,2011</imsmd:langstring>
                </imsmd:description>
              </imsmd:rights>
            </imsmd:lom>
          </item>
          <item identifier="ITEM3" identifierref="RESOURCE3">
            <title>Why do we need to understand successional processes?</title>
            <imsmd:lom>
              <imsmd:rights>
                <imsmd:copyrightandotherrestrictions>
                  <imsmd:source>
                    <imsmd:langstring>Melete</imsmd:langstring>
                  </imsmd:source>
                  <imsmd:value>
                    <imsmd:langstring>yes</imsmd:langstring>
                  </imsmd:value>
                </imsmd:copyrightandotherrestrictions>
                <imsmd:description>
                  <imsmd:langstring>null,2011</imsmd:langstring>
                </imsmd:description>
              </imsmd:rights>
            </imsmd:lom>
          </item>
          <imsmd:lom>
            <imsmd:rights>
              <imsmd:copyrightandotherrestrictions>
                <imsmd:source>
                  <imsmd:langstring>Melete</imsmd:langstring>
                </imsmd:source>
                <imsmd:value>
                  <imsmd:langstring>yes</imsmd:langstring>
                </imsmd:value>
              </imsmd:copyrightandotherrestrictions>
              <imsmd:description>
                <imsmd:langstring>null,2011</imsmd:langstring>
              </imsmd:description>
            </imsmd:rights>
          </imsmd:lom>
        </item>
        <imsmd:lom>
          <imsmd:general>
            <imsmd:keyword>
              <imsmd:langstring>Disturbance and Succession</imsmd:langstring>
            </imsmd:keyword>
          </imsmd:general>
        </imsmd:lom>
      </item>
    </organization>
  </organizations>
  <resources>
    <resource identifier="RESOURCE2" type ="webcontent" href="resources/Section_19301045.html">
      <file href="resources/Section_19301045.html"/>
      <imsmd:description>
        <imsmd:langstring>compose content</imsmd:langstring>
      </imsmd:description>
    </resource>
    <resource identifier="RESOURCE3" type ="webcontent" href="resources/Section_19301046.html">
      <file href="resources/Section_19301046.html"/>
      <imsmd:description>
        <imsmd:langstring>compose content</imsmd:langstring>
      </imsmd:description>
    </resource>
    <resource identifier="RESOURCE1" type ="webcontent" href="resources/Section_19301044.html">
      <file href="resources/Section_19301044.html"/>
      <file href="resources/images/topic_2012_20-_20Dist_20__20Succession-1.ppt"/>
      <file href="resources/images/image058.jpg"/>
      <imsmd:description>
        <imsmd:langstring>compose content</imsmd:langstring>
      </imsmd:description>
    </resource>
  </resources>
</manifest>
